/*
Navicat MySQL Data Transfer

Source Server         : 123
Source Server Version : 50726
Source Host           : localhost:3306
Source Database       : cms_demo

Target Server Type    : MYSQL
Target Server Version : 50726
File Encoding         : 65001

Date: 2021-02-05 02:15:05
*/

SET FOREIGN_KEY_CHECKS=0;

-- ----------------------------
-- Table structure for cd_archives
-- ----------------------------
DROP TABLE IF EXISTS `cd_archives`;
CREATE TABLE `cd_archives` (
  `aid` int(10) NOT NULL AUTO_INCREMENT COMMENT '文章id',
  `typeid` int(10) NOT NULL DEFAULT '0' COMMENT '所属栏目id',
  `title` varchar(200) DEFAULT '' COMMENT '标题',
  `description` varchar(200) DEFAULT '' COMMENT '描述',
  `keywords` varchar(200) DEFAULT '' COMMENT '关键字',
  `author` int(10) DEFAULT '0' COMMENT '作者id即uid',
  `litpic` varchar(250) DEFAULT '' COMMENT '缩略图url',
  `is_recom` tinyint(1) unsigned NOT NULL DEFAULT '0' COMMENT '是否推荐,1是,0否',
  `is_del` tinyint(1) unsigned NOT NULL DEFAULT '0' COMMENT '是否删除,1是,0否',
  `is_hidden` tinyint(1) unsigned NOT NULL DEFAULT '0' COMMENT '是否隐藏,1是,0否',
  `sort_order` int(10) DEFAULT '0' COMMENT '文章顺序',
  `add_time` int(10) DEFAULT '0' COMMENT '新增时间',
  `update_time` int(10) DEFAULT '0' COMMENT '更新时间',
  PRIMARY KEY (`aid`),
  KEY `aid` (`typeid`)
) ENGINE=InnoDB AUTO_INCREMENT=54 DEFAULT CHARSET=utf8mb4 COMMENT='文章主表';

-- ----------------------------
-- Records of cd_archives
-- ----------------------------
INSERT INTO `cd_archives` VALUES ('1', '3', '小猪短租完成近3亿美元融资 发力安全与智能服务123', '10月10日早间消息，住宿共享平台小猪短租于今日宣布完成新一轮近3亿美元融资。本轮融资由云锋基金、尚珹资本领投，新加坡政府投资公司(GIC)、愉悦资本、晨兴资本、今日资本跟投。123', '关键词,小猪,一网打尽12312', '3', 'https://tianwe.net/uploads/allimg/181011/0S9395160-0.png', '1', '1', '1', '-5', '1611692233', '1612419337');
INSERT INTO `cd_archives` VALUES ('2', '1', '小猪短租完成近3亿美元融资 发力安全与智能服务', '10月10日早间消息，住宿共享平台小猪短租于今日宣布完成新一轮近3亿美元融资。本轮融资由云锋基金、尚珹资本领投，新加坡政府投资公司(GIC)、愉悦资本、晨兴资本、今日资本跟投。&#039;&lt;asdasd&gt;', '关键词,小猪,一网打尽', '3', 'https://tianwe.net/uploads/allimg/181011/0S9395160-0.png', '0', '1', '1', '-6', '1611692133', '1612422022');
INSERT INTO `cd_archives` VALUES ('3', '1', '标题标题', '描述描述', '123123', '4', '123123', '1', '0', '0', '-3', '1611692133', '1612456823');
INSERT INTO `cd_archives` VALUES ('4', '1', '小猪短租完成近3亿美元融资 发力安全与智能服务', '10月10日早间消息，住宿共享平台小猪短租于今日宣布完成新一轮近3亿美元融资。本轮融资由云锋基金、尚珹资本领投，新加坡政府投资公司(GIC)、愉悦资本、晨兴资本、今日资本跟投。', '关键词,小猪,一网打尽', '1', 'https://tianwe.net/uploads/allimg/181011/0S9395160-0.png', '0', '0', '0', '1', '1611692233', '1611692233');
INSERT INTO `cd_archives` VALUES ('5', '2', '小猪短租完成近3亿美元融资 发力安全与智能服务', '10月10日早间消息，住宿共享平台小猪短租于今日宣布完成新一轮近3亿美元融资。本轮融资由云锋基金、尚珹资本领投，新加坡政府投资公司(GIC)、愉悦资本、晨兴资本、今日资本跟投。', '关键词,小猪,一网打尽', '2', 'https://tianwe.net/uploads/allimg/181011/0S9395160-0.png', '0', '0', '0', '0', '1611692133', '1611692133');
INSERT INTO `cd_archives` VALUES ('6', '1', '小猪短租完成近3亿美元融资 发力安全与智能服务', '10月10日早间消息，住宿共享平台小猪短租于今日宣布完成新一轮近3亿美元融资。本轮融资由云锋基金、尚珹资本领投，新加坡政府投资公司(GIC)、愉悦资本、晨兴资本、今日资本跟投。', '关键词,小猪,一网打尽', '1', 'https://tianwe.net/uploads/allimg/181011/0S9395160-0.png', '0', '0', '0', '0', '1611692233', '1611692233');
INSERT INTO `cd_archives` VALUES ('7', '2', '小猪短租完成近3亿美元融资 发力安全与智能服务', '10月10日早间消息，住宿共享平台小猪短租于今日宣布完成新一轮近3亿美元融资。本轮融资由云锋基金、尚珹资本领投，新加坡政府投资公司(GIC)、愉悦资本、晨兴资本、今日资本跟投。', '关键词,小猪,一网打尽', '2', 'https://tianwe.net/uploads/allimg/181011/0S9395160-0.png', '0', '0', '0', '0', '1611692133', '1611692133');
INSERT INTO `cd_archives` VALUES ('8', '1', '小猪短租完成近3亿美元融资 发力安全与智能服务', '10月10日早间消息，住宿共享平台小猪短租于今日宣布完成新一轮近3亿美元融资。本轮融资由云锋基金、尚珹资本领投，新加坡政府投资公司(GIC)、愉悦资本、晨兴资本、今日资本跟投。', '关键词,小猪,一网打尽', '1', 'https://tianwe.net/uploads/allimg/181011/0S9395160-0.png', '0', '0', '0', '0', '1611692133', '1611692133');
INSERT INTO `cd_archives` VALUES ('9', '1', '小猪短租完成近3亿美元融资 发力安全与智能服务', '10月10日早间消息，住宿共享平台小猪短租于今日宣布完成新一轮近3亿美元融资。本轮融资由云锋基金、尚珹资本领投，新加坡政府投资公司(GIC)、愉悦资本、晨兴资本、今日资本跟投。', '关键词,小猪,一网打尽', '1', 'https://tianwe.net/uploads/allimg/181011/0S9395160-0.png', '0', '0', '0', '0', '1611692233', '1611692233');
INSERT INTO `cd_archives` VALUES ('10', '2', '小猪短租完成近3亿美元融资 发力安全与智能服务', '10月10日早间消息，住宿共享平台小猪短租于今日宣布完成新一轮近3亿美元融资。本轮融资由云锋基金、尚珹资本领投，新加坡政府投资公司(GIC)、愉悦资本、晨兴资本、今日资本跟投。', '关键词,小猪,一网打尽', '2', 'https://tianwe.net/uploads/allimg/181011/0S9395160-0.png', '0', '1', '0', '0', '1611692133', '1611692133');
INSERT INTO `cd_archives` VALUES ('11', '1', '小猪短租完成近3亿美元融资 发力安全与智能服务', '10月10日早间消息，住宿共享平台小猪短租于今日宣布完成新一轮近3亿美元融资。本轮融资由云锋基金、尚珹资本领投，新加坡政府投资公司(GIC)、愉悦资本、晨兴资本、今日资本跟投。', '关键词,小猪,一网打尽', '1', 'https://tianwe.net/uploads/allimg/181011/0S9395160-0.png', '0', '0', '0', '0', '1611692233', '1611692233');
INSERT INTO `cd_archives` VALUES ('12', '2', '小猪短租完成近3亿美元融资 发力安全与智能服务', '10月10日早间消息，住宿共享平台小猪短租于今日宣布完成新一轮近3亿美元融资。本轮融资由云锋基金、尚珹资本领投，新加坡政府投资公司(GIC)、愉悦资本、晨兴资本、今日资本跟投。', '关键词,小猪,一网打尽', '2', 'https://tianwe.net/uploads/allimg/181011/0S9395160-0.png', '0', '0', '0', '1', '1611692133', '1611692133');
INSERT INTO `cd_archives` VALUES ('13', '1', '小猪短租完成近3亿美元融资 发力安全与智能服务', '10月10日早间消息，住宿共享平台小猪短租于今日宣布完成新一轮近3亿美元融资。本轮融资由云锋基金、尚珹资本领投，新加坡政府投资公司(GIC)、愉悦资本、晨兴资本、今日资本跟投。', '关键词,小猪,一网打尽', '1', 'https://tianwe.net/uploads/allimg/181011/0S9395160-0.png', '0', '0', '0', '0', '1611692133', '1611692133');
INSERT INTO `cd_archives` VALUES ('14', '1', '小猪短租完成近3亿美元融资 发力安全与智能服务', '10月10日早间消息，住宿共享平台小猪短租于今日宣布完成新一轮近3亿美元融资。本轮融资由云锋基金、尚珹资本领投，新加坡政府投资公司(GIC)、愉悦资本、晨兴资本、今日资本跟投。', '关键词,小猪,一网打尽', '1', 'https://tianwe.net/uploads/allimg/181011/0S9395160-0.png', '0', '0', '0', '0', '1611692233', '1611692233');
INSERT INTO `cd_archives` VALUES ('15', '2', '小猪短租完成近3亿美元融资 发力安全与智能服务', '10月10日早间消息，住宿共享平台小猪短租于今日宣布完成新一轮近3亿美元融资。本轮融资由云锋基金、尚珹资本领投，新加坡政府投资公司(GIC)、愉悦资本、晨兴资本、今日资本跟投。', '关键词,小猪,一网打尽', '2', 'https://tianwe.net/uploads/allimg/181011/0S9395160-0.png', '0', '1', '0', '0', '1611692133', '1611692133');
INSERT INTO `cd_archives` VALUES ('16', '1', '小猪短租完成近3亿美元融资 发力安全与智能服务', '10月10日早间消息，住宿共享平台小猪短租于今日宣布完成新一轮近3亿美元融资。本轮融资由云锋基金、尚珹资本领投，新加坡政府投资公司(GIC)、愉悦资本、晨兴资本、今日资本跟投。', '关键词,小猪,一网打尽', '1', 'https://tianwe.net/uploads/allimg/181011/0S9395160-0.png', '0', '0', '0', '0', '1611692233', '1611692233');
INSERT INTO `cd_archives` VALUES ('17', '2', '小猪短租完成近3亿美元融资 发力安全与智能服务', '10月10日早间消息，住宿共享平台小猪短租于今日宣布完成新一轮近3亿美元融资。本轮融资由云锋基金、尚珹资本领投，新加坡政府投资公司(GIC)、愉悦资本、晨兴资本、今日资本跟投。', '关键词,小猪,一网打尽', '2', 'https://tianwe.net/uploads/allimg/181011/0S9395160-0.png', '0', '0', '0', '0', '1611692133', '1611692133');
INSERT INTO `cd_archives` VALUES ('18', '1', '小猪短租完成近3亿美元融资 发力安全与智能服务', '10月10日早间消息，住宿共享平台小猪短租于今日宣布完成新一轮近3亿美元融资。本轮融资由云锋基金、尚珹资本领投，新加坡政府投资公司(GIC)、愉悦资本、晨兴资本、今日资本跟投。', '关键词,小猪,一网打尽', '1', 'https://tianwe.net/uploads/allimg/181011/0S9395160-0.png', '0', '0', '0', '0', '1611692133', '1611692133');
INSERT INTO `cd_archives` VALUES ('19', '1', '小猪短租完成近3亿美元融资 发力安全与智能服务', '10月10日早间消息，住宿共享平台小猪短租于今日宣布完成新一轮近3亿美元融资。本轮融资由云锋基金、尚珹资本领投，新加坡政府投资公司(GIC)、愉悦资本、晨兴资本、今日资本跟投。', '关键词,小猪,一网打尽', '1', 'https://tianwe.net/uploads/allimg/181011/0S9395160-0.png', '0', '0', '0', '0', '1611692233', '1611692233');
INSERT INTO `cd_archives` VALUES ('20', '2', '小猪短租完成近3亿美元融资 发力安全与智能服务', '10月10日早间消息，住宿共享平台小猪短租于今日宣布完成新一轮近3亿美元融资。本轮融资由云锋基金、尚珹资本领投，新加坡政府投资公司(GIC)、愉悦资本、晨兴资本、今日资本跟投。', '关键词,小猪,一网打尽', '2', 'https://tianwe.net/uploads/allimg/181011/0S9395160-0.png', '0', '0', '0', '0', '1611692133', '1611692133');
INSERT INTO `cd_archives` VALUES ('21', '1', '123', '123', '123', '1', '123', '1', '1', '0', '0', '1612353195', '1612353195');
INSERT INTO `cd_archives` VALUES ('22', '1', '123', '123', '123', '1', '123', '1', '1', '0', '0', '1612353240', '1612353240');
INSERT INTO `cd_archives` VALUES ('23', '1', '123', '123', '123', '1', '123', '1', '1', '0', '0', '1612354019', '1612354019');
INSERT INTO `cd_archives` VALUES ('24', '1', '123', '123', '123', '1', '123', '1', '1', '0', '0', '1612354054', '1612354054');
INSERT INTO `cd_archives` VALUES ('25', '1', '标题标题', '描述描述', '123123', '4', '123', '1', '0', '0', '-9', '1612354108', '1612456823');
INSERT INTO `cd_archives` VALUES ('26', '1', '123', '123', '123', '1', '123', '1', '0', '0', '0', '1612354140', '1612354140');
INSERT INTO `cd_archives` VALUES ('27', '1', '213123', '1231', '123', '1', '231', '1', '0', '0', '0', '1612354743', '1612354743');
INSERT INTO `cd_archives` VALUES ('28', '1', '213123', '1231', '123', '1', '231', '1', '0', '0', '0', '1612354796', '1612354796');
INSERT INTO `cd_archives` VALUES ('29', '1', '213123', '1231', '123', '1', '231', '1', '0', '0', '0', '1612354847', '1612354847');
INSERT INTO `cd_archives` VALUES ('30', '1', '123', '123', '123', '1', '123', '1', '0', '0', '0', '1612354861', '1612354861');
INSERT INTO `cd_archives` VALUES ('31', '1', '123', '123', '123', '1', '123', '1', '0', '0', '0', '1612354868', '1612354868');
INSERT INTO `cd_archives` VALUES ('32', '1', '1231', '23123', '123', '4', '123', '0', '0', '0', '0', '1612356872', '1612456553');
INSERT INTO `cd_archives` VALUES ('33', '1', '123123', '123123', '123', '4', '123123', '0', '0', '0', '0', '1612357482', '1612456553');
INSERT INTO `cd_archives` VALUES ('34', '1', '123123', '123123', '123', '4', '123123', '0', '0', '1', '0', '1612357549', '1612456565');
INSERT INTO `cd_archives` VALUES ('35', '2', '123123', '123123', '123', '4', '123123', '1', '0', '1', '0', '1612357590', '1612456645');
INSERT INTO `cd_archives` VALUES ('36', '2', '123123', '123123', '123', '4', '123123', '1', '0', '1', '0', '1612357625', '1612456724');
INSERT INTO `cd_archives` VALUES ('37', '1', '123123', '123123', '123', '1', '123123', '1', '0', '0', '0', '1612357711', '1612357711');
INSERT INTO `cd_archives` VALUES ('38', '1', '123', '12312', '12312', '4', '123123', '0', '0', '1', '0', '1612358258', '1612456565');
INSERT INTO `cd_archives` VALUES ('39', '1', '123', '12312', '12312', '1', '/uploads/2021-02-03/601aa27be867d3.56813006.jpg', '1', '0', '0', '0', '1612358834', '1612358834');
INSERT INTO `cd_archives` VALUES ('40', '1', '123', '12312', '12312', '1', '/uploads/2021-02-03/601aa27be867d3.56813006.jpg', '1', '0', '0', '0', '1612358845', '1612358845');
INSERT INTO `cd_archives` VALUES ('41', '1', '123', '12312', '12312', '1', '/uploads/2021-02-03/601aa27be867d3.56813006.jpg', '1', '0', '0', '0', '1612358877', '1612358877');
INSERT INTO `cd_archives` VALUES ('42', '3', '12312', '123', '123', '4', '123', '0', '0', '1', '0', '1612358891', '1612456461');
INSERT INTO `cd_archives` VALUES ('43', '1', '哈哈哈哈哈', '我是描述奥...&lt;&gt;&lt;&#039;&#039;&gt;&#039;&quot;&lt;script&gt;alert(11)&lt;/script&gt;', 'asdasdasd', '4', '/uploads/2021-02-04/601b9dfbd7db53.09602629.jpg', '0', '0', '1', '0', '1612422738', '1612456448');
INSERT INTO `cd_archives` VALUES ('44', '2', '123123', '1231232', '123123', '4', '123123', '1', '0', '0', '0', '1612447719', '1612447719');
INSERT INTO `cd_archives` VALUES ('45', '1', '123', '123', '123', '4', '123123', '1', '0', '0', '0', '1612447850', '1612447850');
INSERT INTO `cd_archives` VALUES ('46', '2', '123', '1231', '23', '4', '311', '1', '0', '1', '0', '1612447878', '1612456645');
INSERT INTO `cd_archives` VALUES ('47', '1', '123', '1231', '23', '4', '311', '1', '0', '0', '0', '1612447941', '1612447941');
INSERT INTO `cd_archives` VALUES ('48', '2', '123', '1231', '23', '4', '311', '1', '0', '1', '0', '1612447965', '1612456724');
INSERT INTO `cd_archives` VALUES ('49', '1', '123', '1231', '23', '4', '311', '1', '1', '0', '0', '1612448064', '1612448064');
INSERT INTO `cd_archives` VALUES ('50', '3', '123', '1231', '23', '4', '311', '0', '0', '0', '0', '1612448103', '1612456529');
INSERT INTO `cd_archives` VALUES ('51', '1', '123', '1231', '23', '4', '311', '1', '1', '0', '0', '1612448113', '1612448113');
INSERT INTO `cd_archives` VALUES ('52', '1', '123', '1231', '23', '4', '311', '1', '0', '0', '0', '1612448157', '1612448157');
INSERT INTO `cd_archives` VALUES ('53', '1', '123', '1231', '23', '4', '311', '1', '0', '0', '0', '1612448169', '1612448169');

-- ----------------------------
-- Table structure for cd_arctype
-- ----------------------------
DROP TABLE IF EXISTS `cd_arctype`;
CREATE TABLE `cd_arctype` (
  `typeid` int(10) NOT NULL AUTO_INCREMENT COMMENT '栏目id',
  `typename` varchar(50) DEFAULT '' COMMENT '栏目名称',
  `path` varchar(50) DEFAULT '' COMMENT '栏目路径,只可为英文,且保持唯一',
  `title` varchar(200) DEFAULT '' COMMENT '标题',
  `description` varchar(200) DEFAULT '' COMMENT '描述',
  `keywords` varchar(200) DEFAULT '' COMMENT '关键字',
  `litpic` varchar(250) DEFAULT '' COMMENT '缩略图url',
  `sort_order` int(10) DEFAULT '0' COMMENT '栏目顺序',
  `is_del` tinyint(1) unsigned NOT NULL DEFAULT '0' COMMENT '是否删除,1是,0否',
  `is_hidden` tinyint(1) unsigned NOT NULL DEFAULT '0' COMMENT '是否隐藏,1是,0否',
  PRIMARY KEY (`typeid`),
  UNIQUE KEY `path` (`path`)
) ENGINE=InnoDB AUTO_INCREMENT=4 DEFAULT CHARSET=utf8mb4 COMMENT='栏目表';

-- ----------------------------
-- Records of cd_arctype
-- ----------------------------
INSERT INTO `cd_arctype` VALUES ('1', '娱乐资讯', 'yulezixun', '娱乐资讯一网打尽', '描述娱乐资讯一网打尽娱乐资讯一网打尽', '关键词,娱乐资讯,一网打尽', 'https://img.0736tw.com/uploads/allimg/20210107/1-21010G40G1X6.jpg', '0', '0', '0');
INSERT INTO `cd_arctype` VALUES ('2', '行业新闻', 'hangyexinwen', '关注行业动态,看每日行业新闻', '关注行业动态,看每日行业新闻关注行业动态,看每日行业新闻', '关键词,行业,动态', 'https://img.0736tw.com/uploads/allimg/20210107/1-21010G40G1X6.jpg', '0', '0', '0');
INSERT INTO `cd_arctype` VALUES ('3', '1123', null, '关注行业新闻', '123123', '字', '12', '0', '0', '0');

-- ----------------------------
-- Table structure for cd_article_content
-- ----------------------------
DROP TABLE IF EXISTS `cd_article_content`;
CREATE TABLE `cd_article_content` (
  `id` int(10) NOT NULL AUTO_INCREMENT COMMENT '逻辑主键',
  `aid` int(10) NOT NULL DEFAULT '0' COMMENT '文章aid',
  `content` longtext COMMENT '文章内容',
  PRIMARY KEY (`id`),
  KEY `conid` (`aid`)
) ENGINE=InnoDB AUTO_INCREMENT=51 DEFAULT CHARSET=utf8mb4 COMMENT='文章从表';

-- ----------------------------
-- Records of cd_article_content
-- ----------------------------
INSERT INTO `cd_article_content` VALUES ('1', '1', '<p style=\"margin: 0px; padding: 0px 0px 15px; list-style: none; line-height: 36px; font-size: 16px; color: rgb(51, 51, 51); font-family: \" microsoft=\"\" yahei\";\"=\"\">	10月10日早间消息，住宿共享平台小猪短租于今日宣布完成新一轮近3亿美元融资。本轮融资由云锋基金、尚珹资本领投，新加坡政府投资公司(GIC)、愉悦资本、晨兴资本、今日资本跟投。泰合资本继续担任公司融资的独家财务顾问。小猪联合创始人兼CEO 陈驰表示，未来将加大安全体系和服务生态的投入。123</p><p style=\"margin: 0px; padding: 0px 0px 15px; list-style: none; line-height: 36px; font-size: 16px; color: rgb(51, 51, 51); font-family: \" microsoft=\"\" yahei\";=\"\" text-align:=\"\" center;\"=\"\"><img title=\"小猪短租完成近3亿美元融资 发力安全与智能服务(图1)\" alt=\"小猪短租完成近3亿美元融资 发力安全与智能服务(图1)\" src=\"/uploads/allimg/181011/0S9395160-0.png\" style=\"max-width:100%!important;height:auto!important;border: none; vertical-align: top; max-width: 100%; margin: 40px 0px; width: 550px; height: 365px;\"></p>');
INSERT INTO `cd_article_content` VALUES ('2', '2', '&lt;p style=&quot;margin: 0px; padding: 0px 0px 15px; list-style: none; line-height: 36px; font-size: 16px; color: rgb(51, 51, 51); font-family: &quot; microsoft=&quot;&quot; yahei&quot;;&quot;=&quot;&quot;&gt;&#039;10月10日早间消息，住宿共享平台小猪短租于今日宣布完成新一轮近3亿美元融资。本轮融资由云锋基金、尚珹资本领投，新加坡政府投资公司(GIC)、愉悦资本、晨兴资本、今日资本跟投。泰合资本继续担任公司融资的独家财务顾问。小猪联合创始人兼CEO 陈驰表示，未来将加大安全体系和服务生态&lt;script&gt; &lt;b&gt;的&lt;/script&gt;投入。&quot;&#039;&amp;lt;&#039;&amp;gt;&#039;&lt;script&gt;&lt;/b&gt;&lt;/p&gt;&lt;p style=&quot;margin: 0px; padding: 0px 0px 15px; list-style: none; line-height: 36px; font-size: 16px; color: rgb(51, 51, 51); font-family: &quot; microsoft=&quot;&quot; yahei&quot;;=&quot;&quot; text-align:=&quot;&quot; center;&quot;=&quot;&quot;&gt;&lt;img title=&quot;小猪短租完成近3亿美元融资 发力安全与智能服务(图1)&quot; alt=&quot;小猪短租完成近3亿美元融资 发力安全与智能服务(图1)&quot; src=&quot;/uploads/allimg/181011/0S9395160-0.png&quot; style=&quot;max-width:100%!important;height:auto!important;border: none; vertical-align: top; max-width: 100%; margin: 40px 0px; width: 550px; height: 365px;&quot;&gt;&lt;/p&gt;&lt;/script&gt;&lt;/p&gt;');
INSERT INTO `cd_article_content` VALUES ('3', '3', '&lt;p style=&quot;margin: 0px; padding: 0px 0px 15px; list-style: none; line-height: 36px; font-size: 16px; color: #333333;&quot;&gt;10月10日早间消息，住宿共享平台小猪短租于今日宣布完成新一轮近3亿美元融资。本轮融资由云锋基金、尚珹资本领投，新加坡政府投资公司(GIC)、愉悦资本、晨兴资本、今日资本跟投。泰合资本继续担任公司融资的独家财务顾问。小猪联合创始人兼CEO 陈驰表示，未来将加大安全体系和服务生态的投入。&#039;&lt;/p&gt;\n&lt;p style=&quot;margin: 0px; padding: 0px 0px 15px; list-style: none; line-height: 36px; font-size: 16px; color: #333333;&quot;&gt;&lt;img style=&quot;max-width: 100%; height: 365px; border: none; vertical-align: top; margin: 40px 0px; width: 550px;&quot; title=&quot;小猪短租完成近3亿美元融资 发力安全与智能服务(图1)&quot; src=&quot;uploads/allimg/181011/0S9395160-0.png&quot; alt=&quot;小猪短租完成近3亿美元融资 发力安全与智能服务(图1)&quot; /&gt;&lt;/p&gt;');
INSERT INTO `cd_article_content` VALUES ('4', '4', '<p style=\"margin: 0px; padding: 0px 0px 15px; list-style: none; line-height: 36px; font-size: 16px; color: rgb(51, 51, 51); font-family: \" microsoft=\"\" yahei\";\"=\"\">	10月10日早间消息，住宿共享平台小猪短租于今日宣布完成新一轮近3亿美元融资。本轮融资由云锋基金、尚珹资本领投，新加坡政府投资公司(GIC)、愉悦资本、晨兴资本、今日资本跟投。泰合资本继续担任公司融资的独家财务顾问。小猪联合创始人兼CEO 陈驰表示，未来将加大安全体系和服务生态的投入。</p><p style=\"margin: 0px; padding: 0px 0px 15px; list-style: none; line-height: 36px; font-size: 16px; color: rgb(51, 51, 51); font-family: \" microsoft=\"\" yahei\";=\"\" text-align:=\"\" center;\"=\"\"><img title=\"小猪短租完成近3亿美元融资 发力安全与智能服务(图1)\" alt=\"小猪短租完成近3亿美元融资 发力安全与智能服务(图1)\" src=\"/uploads/allimg/181011/0S9395160-0.png\" style=\"max-width:100%!important;height:auto!important;border: none; vertical-align: top; max-width: 100%; margin: 40px 0px; width: 550px; height: 365px;\"></p>');
INSERT INTO `cd_article_content` VALUES ('5', '5', '<p style=\"margin: 0px; padding: 0px 0px 15px; list-style: none; line-height: 36px; font-size: 16px; color: rgb(51, 51, 51); font-family: \" microsoft=\"\" yahei\";\"=\"\">	10月10日早间消息，住宿共享平台小猪短租于今日宣布完成新一轮近3亿美元融资。本轮融资由云锋基金、尚珹资本领投，新加坡政府投资公司(GIC)、愉悦资本、晨兴资本、今日资本跟投。泰合资本继续担任公司融资的独家财务顾问。小猪联合创始人兼CEO 陈驰表示，未来将加大安全体系和服务生态的投入。</p><p style=\"margin: 0px; padding: 0px 0px 15px; list-style: none; line-height: 36px; font-size: 16px; color: rgb(51, 51, 51); font-family: \" microsoft=\"\" yahei\";=\"\" text-align:=\"\" center;\"=\"\"><img title=\"小猪短租完成近3亿美元融资 发力安全与智能服务(图1)\" alt=\"小猪短租完成近3亿美元融资 发力安全与智能服务(图1)\" src=\"/uploads/allimg/181011/0S9395160-0.png\" style=\"max-width:100%!important;height:auto!important;border: none; vertical-align: top; max-width: 100%; margin: 40px 0px; width: 550px; height: 365px;\"></p>');
INSERT INTO `cd_article_content` VALUES ('6', '6', '<p style=\"margin: 0px; padding: 0px 0px 15px; list-style: none; line-height: 36px; font-size: 16px; color: rgb(51, 51, 51); font-family: \" microsoft=\"\" yahei\";\"=\"\">	10月10日早间消息，住宿共享平台小猪短租于今日宣布完成新一轮近3亿美元融资。本轮融资由云锋基金、尚珹资本领投，新加坡政府投资公司(GIC)、愉悦资本、晨兴资本、今日资本跟投。泰合资本继续担任公司融资的独家财务顾问。小猪联合创始人兼CEO 陈驰表示，未来将加大安全体系和服务生态的投入。</p><p style=\"margin: 0px; padding: 0px 0px 15px; list-style: none; line-height: 36px; font-size: 16px; color: rgb(51, 51, 51); font-family: \" microsoft=\"\" yahei\";=\"\" text-align:=\"\" center;\"=\"\"><img title=\"小猪短租完成近3亿美元融资 发力安全与智能服务(图1)\" alt=\"小猪短租完成近3亿美元融资 发力安全与智能服务(图1)\" src=\"/uploads/allimg/181011/0S9395160-0.png\" style=\"max-width:100%!important;height:auto!important;border: none; vertical-align: top; max-width: 100%; margin: 40px 0px; width: 550px; height: 365px;\"></p>');
INSERT INTO `cd_article_content` VALUES ('7', '7', '<p style=\"margin: 0px; padding: 0px 0px 15px; list-style: none; line-height: 36px; font-size: 16px; color: rgb(51, 51, 51); font-family: \" microsoft=\"\" yahei\";\"=\"\">	10月10日早间消息，住宿共享平台小猪短租于今日宣布完成新一轮近3亿美元融资。本轮融资由云锋基金、尚珹资本领投，新加坡政府投资公司(GIC)、愉悦资本、晨兴资本、今日资本跟投。泰合资本继续担任公司融资的独家财务顾问。小猪联合创始人兼CEO 陈驰表示，未来将加大安全体系和服务生态的投入。</p><p style=\"margin: 0px; padding: 0px 0px 15px; list-style: none; line-height: 36px; font-size: 16px; color: rgb(51, 51, 51); font-family: \" microsoft=\"\" yahei\";=\"\" text-align:=\"\" center;\"=\"\"><img title=\"小猪短租完成近3亿美元融资 发力安全与智能服务(图1)\" alt=\"小猪短租完成近3亿美元融资 发力安全与智能服务(图1)\" src=\"/uploads/allimg/181011/0S9395160-0.png\" style=\"max-width:100%!important;height:auto!important;border: none; vertical-align: top; max-width: 100%; margin: 40px 0px; width: 550px; height: 365px;\"></p>');
INSERT INTO `cd_article_content` VALUES ('8', '8', '<p style=\"margin: 0px; padding: 0px 0px 15px; list-style: none; line-height: 36px; font-size: 16px; color: rgb(51, 51, 51); font-family: \" microsoft=\"\" yahei\";\"=\"\">	10月10日早间消息，住宿共享平台小猪短租于今日宣布完成新一轮近3亿美元融资。本轮融资由云锋基金、尚珹资本领投，新加坡政府投资公司(GIC)、愉悦资本、晨兴资本、今日资本跟投。泰合资本继续担任公司融资的独家财务顾问。小猪联合创始人兼CEO 陈驰表示，未来将加大安全体系和服务生态的投入。</p><p style=\"margin: 0px; padding: 0px 0px 15px; list-style: none; line-height: 36px; font-size: 16px; color: rgb(51, 51, 51); font-family: \" microsoft=\"\" yahei\";=\"\" text-align:=\"\" center;\"=\"\"><img title=\"小猪短租完成近3亿美元融资 发力安全与智能服务(图1)\" alt=\"小猪短租完成近3亿美元融资 发力安全与智能服务(图1)\" src=\"/uploads/allimg/181011/0S9395160-0.png\" style=\"max-width:100%!important;height:auto!important;border: none; vertical-align: top; max-width: 100%; margin: 40px 0px; width: 550px; height: 365px;\"></p>');
INSERT INTO `cd_article_content` VALUES ('9', '9', '<p style=\"margin: 0px; padding: 0px 0px 15px; list-style: none; line-height: 36px; font-size: 16px; color: rgb(51, 51, 51); font-family: \" microsoft=\"\" yahei\";\"=\"\">	10月10日早间消息，住宿共享平台小猪短租于今日宣布完成新一轮近3亿美元融资。本轮融资由云锋基金、尚珹资本领投，新加坡政府投资公司(GIC)、愉悦资本、晨兴资本、今日资本跟投。泰合资本继续担任公司融资的独家财务顾问。小猪联合创始人兼CEO 陈驰表示，未来将加大安全体系和服务生态的投入。</p><p style=\"margin: 0px; padding: 0px 0px 15px; list-style: none; line-height: 36px; font-size: 16px; color: rgb(51, 51, 51); font-family: \" microsoft=\"\" yahei\";=\"\" text-align:=\"\" center;\"=\"\"><img title=\"小猪短租完成近3亿美元融资 发力安全与智能服务(图1)\" alt=\"小猪短租完成近3亿美元融资 发力安全与智能服务(图1)\" src=\"/uploads/allimg/181011/0S9395160-0.png\" style=\"max-width:100%!important;height:auto!important;border: none; vertical-align: top; max-width: 100%; margin: 40px 0px; width: 550px; height: 365px;\"></p>');
INSERT INTO `cd_article_content` VALUES ('10', '10', '<p style=\"margin: 0px; padding: 0px 0px 15px; list-style: none; line-height: 36px; font-size: 16px; color: rgb(51, 51, 51); font-family: \" microsoft=\"\" yahei\";\"=\"\">	10月10日早间消息，住宿共享平台小猪短租于今日宣布完成新一轮近3亿美元融资。本轮融资由云锋基金、尚珹资本领投，新加坡政府投资公司(GIC)、愉悦资本、晨兴资本、今日资本跟投。泰合资本继续担任公司融资的独家财务顾问。小猪联合创始人兼CEO 陈驰表示，未来将加大安全体系和服务生态的投入。</p><p style=\"margin: 0px; padding: 0px 0px 15px; list-style: none; line-height: 36px; font-size: 16px; color: rgb(51, 51, 51); font-family: \" microsoft=\"\" yahei\";=\"\" text-align:=\"\" center;\"=\"\"><img title=\"小猪短租完成近3亿美元融资 发力安全与智能服务(图1)\" alt=\"小猪短租完成近3亿美元融资 发力安全与智能服务(图1)\" src=\"/uploads/allimg/181011/0S9395160-0.png\" style=\"max-width:100%!important;height:auto!important;border: none; vertical-align: top; max-width: 100%; margin: 40px 0px; width: 550px; height: 365px;\"></p>');
INSERT INTO `cd_article_content` VALUES ('11', '11', '<p style=\"margin: 0px; padding: 0px 0px 15px; list-style: none; line-height: 36px; font-size: 16px; color: rgb(51, 51, 51); font-family: \" microsoft=\"\" yahei\";\"=\"\">	10月10日早间消息，住宿共享平台小猪短租于今日宣布完成新一轮近3亿美元融资。本轮融资由云锋基金、尚珹资本领投，新加坡政府投资公司(GIC)、愉悦资本、晨兴资本、今日资本跟投。泰合资本继续担任公司融资的独家财务顾问。小猪联合创始人兼CEO 陈驰表示，未来将加大安全体系和服务生态的投入。</p><p style=\"margin: 0px; padding: 0px 0px 15px; list-style: none; line-height: 36px; font-size: 16px; color: rgb(51, 51, 51); font-family: \" microsoft=\"\" yahei\";=\"\" text-align:=\"\" center;\"=\"\"><img title=\"小猪短租完成近3亿美元融资 发力安全与智能服务(图1)\" alt=\"小猪短租完成近3亿美元融资 发力安全与智能服务(图1)\" src=\"/uploads/allimg/181011/0S9395160-0.png\" style=\"max-width:100%!important;height:auto!important;border: none; vertical-align: top; max-width: 100%; margin: 40px 0px; width: 550px; height: 365px;\"></p>');
INSERT INTO `cd_article_content` VALUES ('12', '12', '<p style=\"margin: 0px; padding: 0px 0px 15px; list-style: none; line-height: 36px; font-size: 16px; color: rgb(51, 51, 51); font-family: \" microsoft=\"\" yahei\";\"=\"\">	10月10日早间消息，住宿共享平台小猪短租于今日宣布完成新一轮近3亿美元融资。本轮融资由云锋基金、尚珹资本领投，新加坡政府投资公司(GIC)、愉悦资本、晨兴资本、今日资本跟投。泰合资本继续担任公司融资的独家财务顾问。小猪联合创始人兼CEO 陈驰表示，未来将加大安全体系和服务生态的投入。</p><p style=\"margin: 0px; padding: 0px 0px 15px; list-style: none; line-height: 36px; font-size: 16px; color: rgb(51, 51, 51); font-family: \" microsoft=\"\" yahei\";=\"\" text-align:=\"\" center;\"=\"\"><img title=\"小猪短租完成近3亿美元融资 发力安全与智能服务(图1)\" alt=\"小猪短租完成近3亿美元融资 发力安全与智能服务(图1)\" src=\"/uploads/allimg/181011/0S9395160-0.png\" style=\"max-width:100%!important;height:auto!important;border: none; vertical-align: top; max-width: 100%; margin: 40px 0px; width: 550px; height: 365px;\"></p>');
INSERT INTO `cd_article_content` VALUES ('13', '13', '<p style=\"margin: 0px; padding: 0px 0px 15px; list-style: none; line-height: 36px; font-size: 16px; color: rgb(51, 51, 51); font-family: \" microsoft=\"\" yahei\";\"=\"\">	10月10日早间消息，住宿共享平台小猪短租于今日宣布完成新一轮近3亿美元融资。本轮融资由云锋基金、尚珹资本领投，新加坡政府投资公司(GIC)、愉悦资本、晨兴资本、今日资本跟投。泰合资本继续担任公司融资的独家财务顾问。小猪联合创始人兼CEO 陈驰表示，未来将加大安全体系和服务生态的投入。</p><p style=\"margin: 0px; padding: 0px 0px 15px; list-style: none; line-height: 36px; font-size: 16px; color: rgb(51, 51, 51); font-family: \" microsoft=\"\" yahei\";=\"\" text-align:=\"\" center;\"=\"\"><img title=\"小猪短租完成近3亿美元融资 发力安全与智能服务(图1)\" alt=\"小猪短租完成近3亿美元融资 发力安全与智能服务(图1)\" src=\"/uploads/allimg/181011/0S9395160-0.png\" style=\"max-width:100%!important;height:auto!important;border: none; vertical-align: top; max-width: 100%; margin: 40px 0px; width: 550px; height: 365px;\"></p>');
INSERT INTO `cd_article_content` VALUES ('14', '14', '<p style=\"margin: 0px; padding: 0px 0px 15px; list-style: none; line-height: 36px; font-size: 16px; color: rgb(51, 51, 51); font-family: \" microsoft=\"\" yahei\";\"=\"\">	10月10日早间消息，住宿共享平台小猪短租于今日宣布完成新一轮近3亿美元融资。本轮融资由云锋基金、尚珹资本领投，新加坡政府投资公司(GIC)、愉悦资本、晨兴资本、今日资本跟投。泰合资本继续担任公司融资的独家财务顾问。小猪联合创始人兼CEO 陈驰表示，未来将加大安全体系和服务生态的投入。</p><p style=\"margin: 0px; padding: 0px 0px 15px; list-style: none; line-height: 36px; font-size: 16px; color: rgb(51, 51, 51); font-family: \" microsoft=\"\" yahei\";=\"\" text-align:=\"\" center;\"=\"\"><img title=\"小猪短租完成近3亿美元融资 发力安全与智能服务(图1)\" alt=\"小猪短租完成近3亿美元融资 发力安全与智能服务(图1)\" src=\"/uploads/allimg/181011/0S9395160-0.png\" style=\"max-width:100%!important;height:auto!important;border: none; vertical-align: top; max-width: 100%; margin: 40px 0px; width: 550px; height: 365px;\"></p>');
INSERT INTO `cd_article_content` VALUES ('15', '15', '<p style=\"margin: 0px; padding: 0px 0px 15px; list-style: none; line-height: 36px; font-size: 16px; color: rgb(51, 51, 51); font-family: \" microsoft=\"\" yahei\";\"=\"\">	10月10日早间消息，住宿共享平台小猪短租于今日宣布完成新一轮近3亿美元融资。本轮融资由云锋基金、尚珹资本领投，新加坡政府投资公司(GIC)、愉悦资本、晨兴资本、今日资本跟投。泰合资本继续担任公司融资的独家财务顾问。小猪联合创始人兼CEO 陈驰表示，未来将加大安全体系和服务生态的投入。</p><p style=\"margin: 0px; padding: 0px 0px 15px; list-style: none; line-height: 36px; font-size: 16px; color: rgb(51, 51, 51); font-family: \" microsoft=\"\" yahei\";=\"\" text-align:=\"\" center;\"=\"\"><img title=\"小猪短租完成近3亿美元融资 发力安全与智能服务(图1)\" alt=\"小猪短租完成近3亿美元融资 发力安全与智能服务(图1)\" src=\"/uploads/allimg/181011/0S9395160-0.png\" style=\"max-width:100%!important;height:auto!important;border: none; vertical-align: top; max-width: 100%; margin: 40px 0px; width: 550px; height: 365px;\"></p>');
INSERT INTO `cd_article_content` VALUES ('16', '16', '<p style=\"margin: 0px; padding: 0px 0px 15px; list-style: none; line-height: 36px; font-size: 16px; color: rgb(51, 51, 51); font-family: \" microsoft=\"\" yahei\";\"=\"\">	10月10日早间消息，住宿共享平台小猪短租于今日宣布完成新一轮近3亿美元融资。本轮融资由云锋基金、尚珹资本领投，新加坡政府投资公司(GIC)、愉悦资本、晨兴资本、今日资本跟投。泰合资本继续担任公司融资的独家财务顾问。小猪联合创始人兼CEO 陈驰表示，未来将加大安全体系和服务生态的投入。</p><p style=\"margin: 0px; padding: 0px 0px 15px; list-style: none; line-height: 36px; font-size: 16px; color: rgb(51, 51, 51); font-family: \" microsoft=\"\" yahei\";=\"\" text-align:=\"\" center;\"=\"\"><img title=\"小猪短租完成近3亿美元融资 发力安全与智能服务(图1)\" alt=\"小猪短租完成近3亿美元融资 发力安全与智能服务(图1)\" src=\"/uploads/allimg/181011/0S9395160-0.png\" style=\"max-width:100%!important;height:auto!important;border: none; vertical-align: top; max-width: 100%; margin: 40px 0px; width: 550px; height: 365px;\"></p>');
INSERT INTO `cd_article_content` VALUES ('17', '17', '<p style=\"margin: 0px; padding: 0px 0px 15px; list-style: none; line-height: 36px; font-size: 16px; color: rgb(51, 51, 51); font-family: \" microsoft=\"\" yahei\";\"=\"\">	10月10日早间消息，住宿共享平台小猪短租于今日宣布完成新一轮近3亿美元融资。本轮融资由云锋基金、尚珹资本领投，新加坡政府投资公司(GIC)、愉悦资本、晨兴资本、今日资本跟投。泰合资本继续担任公司融资的独家财务顾问。小猪联合创始人兼CEO 陈驰表示，未来将加大安全体系和服务生态的投入。</p><p style=\"margin: 0px; padding: 0px 0px 15px; list-style: none; line-height: 36px; font-size: 16px; color: rgb(51, 51, 51); font-family: \" microsoft=\"\" yahei\";=\"\" text-align:=\"\" center;\"=\"\"><img title=\"小猪短租完成近3亿美元融资 发力安全与智能服务(图1)\" alt=\"小猪短租完成近3亿美元融资 发力安全与智能服务(图1)\" src=\"/uploads/allimg/181011/0S9395160-0.png\" style=\"max-width:100%!important;height:auto!important;border: none; vertical-align: top; max-width: 100%; margin: 40px 0px; width: 550px; height: 365px;\"></p>');
INSERT INTO `cd_article_content` VALUES ('18', '18', '<p style=\"margin: 0px; padding: 0px 0px 15px; list-style: none; line-height: 36px; font-size: 16px; color: rgb(51, 51, 51); font-family: \" microsoft=\"\" yahei\";\"=\"\">	10月10日早间消息，住宿共享平台小猪短租于今日宣布完成新一轮近3亿美元融资。本轮融资由云锋基金、尚珹资本领投，新加坡政府投资公司(GIC)、愉悦资本、晨兴资本、今日资本跟投。泰合资本继续担任公司融资的独家财务顾问。小猪联合创始人兼CEO 陈驰表示，未来将加大安全体系和服务生态的投入。</p><p style=\"margin: 0px; padding: 0px 0px 15px; list-style: none; line-height: 36px; font-size: 16px; color: rgb(51, 51, 51); font-family: \" microsoft=\"\" yahei\";=\"\" text-align:=\"\" center;\"=\"\"><img title=\"小猪短租完成近3亿美元融资 发力安全与智能服务(图1)\" alt=\"小猪短租完成近3亿美元融资 发力安全与智能服务(图1)\" src=\"/uploads/allimg/181011/0S9395160-0.png\" style=\"max-width:100%!important;height:auto!important;border: none; vertical-align: top; max-width: 100%; margin: 40px 0px; width: 550px; height: 365px;\"></p>');
INSERT INTO `cd_article_content` VALUES ('19', '19', '<p style=\"margin: 0px; padding: 0px 0px 15px; list-style: none; line-height: 36px; font-size: 16px; color: rgb(51, 51, 51); font-family: \" microsoft=\"\" yahei\";\"=\"\">	10月10日早间消息，住宿共享平台小猪短租于今日宣布完成新一轮近3亿美元融资。本轮融资由云锋基金、尚珹资本领投，新加坡政府投资公司(GIC)、愉悦资本、晨兴资本、今日资本跟投。泰合资本继续担任公司融资的独家财务顾问。小猪联合创始人兼CEO 陈驰表示，未来将加大安全体系和服务生态的投入。</p><p style=\"margin: 0px; padding: 0px 0px 15px; list-style: none; line-height: 36px; font-size: 16px; color: rgb(51, 51, 51); font-family: \" microsoft=\"\" yahei\";=\"\" text-align:=\"\" center;\"=\"\"><img title=\"小猪短租完成近3亿美元融资 发力安全与智能服务(图1)\" alt=\"小猪短租完成近3亿美元融资 发力安全与智能服务(图1)\" src=\"/uploads/allimg/181011/0S9395160-0.png\" style=\"max-width:100%!important;height:auto!important;border: none; vertical-align: top; max-width: 100%; margin: 40px 0px; width: 550px; height: 365px;\"></p>');
INSERT INTO `cd_article_content` VALUES ('20', '20', '<p style=\"margin: 0px; padding: 0px 0px 15px; list-style: none; line-height: 36px; font-size: 16px; color: rgb(51, 51, 51); font-family: \" microsoft=\"\" yahei\";\"=\"\">	10月10日早间消息，住宿共享平台小猪短租于今日宣布完成新一轮近3亿美元融资。本轮融资由云锋基金、尚珹资本领投，新加坡政府投资公司(GIC)、愉悦资本、晨兴资本、今日资本跟投。泰合资本继续担任公司融资的独家财务顾问。小猪联合创始人兼CEO 陈驰表示，未来将加大安全体系和服务生态的投入。</p><p style=\"margin: 0px; padding: 0px 0px 15px; list-style: none; line-height: 36px; font-size: 16px; color: rgb(51, 51, 51); font-family: \" microsoft=\"\" yahei\";=\"\" text-align:=\"\" center;\"=\"\"><img title=\"小猪短租完成近3亿美元融资 发力安全与智能服务(图1)\" alt=\"小猪短租完成近3亿美元融资 发力安全与智能服务(图1)\" src=\"/uploads/allimg/181011/0S9395160-0.png\" style=\"max-width:100%!important;height:auto!important;border: none; vertical-align: top; max-width: 100%; margin: 40px 0px; width: 550px; height: 365px;\"></p>');
INSERT INTO `cd_article_content` VALUES ('21', '0', '12<b>312</b>3');
INSERT INTO `cd_article_content` VALUES ('22', '25', '&lt;p&gt;123123&lt;/p&gt;');
INSERT INTO `cd_article_content` VALUES ('23', '26', '12<b>312</b>3<img src=\"/uploads/2021-02-03/601a923867d326.33322847.jpg\" alt=\"601a923867d326.33322847.jpg\">');
INSERT INTO `cd_article_content` VALUES ('24', '27', '123');
INSERT INTO `cd_article_content` VALUES ('25', '28', '123');
INSERT INTO `cd_article_content` VALUES ('26', '29', '123');
INSERT INTO `cd_article_content` VALUES ('27', '30', '213');
INSERT INTO `cd_article_content` VALUES ('28', '31', '213');
INSERT INTO `cd_article_content` VALUES ('29', '32', '123');
INSERT INTO `cd_article_content` VALUES ('30', '33', '1<b>23123</b>');
INSERT INTO `cd_article_content` VALUES ('31', '34', '<p>1<b>23123123123</b></p><p>asdasd\"asdasd\"adasdasd &lt;script&gt;alert(111)&lt;/script&gt;</p>');
INSERT INTO `cd_article_content` VALUES ('32', '35', '<p>1<b>23123123123</b></p><p>asdasd\"asdasd\"adasdasd &lt;script&gt;alert(111)&lt;/script&gt;</p>');
INSERT INTO `cd_article_content` VALUES ('33', '36', '<p>1<b>23123123123</b></p><p>asdasd\"asdasd\"adasdasd &lt;script&gt;alert(111)&lt;/script&gt;&lt;a&gt;&lt;/a&gt;</p>');
INSERT INTO `cd_article_content` VALUES ('34', '37', '<p>1<b>23123123123</b></p><p>asdasd\"asdasd\"adasdasd &lt;script&gt;alert(111)&lt;/script&gt;&lt;a&gt;&lt;/a&gt;</p>');
INSERT INTO `cd_article_content` VALUES ('35', '38', '1232');
INSERT INTO `cd_article_content` VALUES ('36', '39', '1232');
INSERT INTO `cd_article_content` VALUES ('37', '40', '1232');
INSERT INTO `cd_article_content` VALUES ('38', '41', '1232');
INSERT INTO `cd_article_content` VALUES ('39', '42', '213');
INSERT INTO `cd_article_content` VALUES ('40', '43', '&lt;p style=&quot;text-align: left;&quot;&gt;12312311&lt;/p&gt;');
INSERT INTO `cd_article_content` VALUES ('41', '44', '');
INSERT INTO `cd_article_content` VALUES ('42', '45', '&lt;p&gt;132123&lt;/p&gt;');
INSERT INTO `cd_article_content` VALUES ('43', '46', '&lt;p&gt;123123&lt;/p&gt;');
INSERT INTO `cd_article_content` VALUES ('44', '47', '&lt;p&gt;123123&lt;/p&gt;');
INSERT INTO `cd_article_content` VALUES ('45', '48', '&lt;p&gt;123123&lt;/p&gt;');
INSERT INTO `cd_article_content` VALUES ('46', '49', '&lt;p&gt;123123&lt;/p&gt;');
INSERT INTO `cd_article_content` VALUES ('47', '50', '&lt;p&gt;123123&lt;/p&gt;');
INSERT INTO `cd_article_content` VALUES ('48', '51', '&lt;p&gt;123123&lt;/p&gt;');
INSERT INTO `cd_article_content` VALUES ('49', '52', '&lt;p&gt;123123&lt;/p&gt;');
INSERT INTO `cd_article_content` VALUES ('50', '53', '&lt;p&gt;123123&lt;img src=&quot;uploads/2021-02-04/601c01a72f88c284.jpg&quot; alt=&quot;&quot; width=&quot;300&quot; height=&quot;82&quot; /&gt;&lt;/p&gt;');

-- ----------------------------
-- Table structure for cd_config
-- ----------------------------
DROP TABLE IF EXISTS `cd_config`;
CREATE TABLE `cd_config` (
  `id` int(10) NOT NULL AUTO_INCREMENT COMMENT '逻辑主键',
  `name` varchar(50) NOT NULL DEFAULT '' COMMENT '配置名',
  `value` varchar(200) DEFAULT '' COMMENT '配置值',
  PRIMARY KEY (`id`)
) ENGINE=InnoDB AUTO_INCREMENT=7 DEFAULT CHARSET=utf8mb4 COMMENT='配置表';

-- ----------------------------
-- Records of cd_config
-- ----------------------------
INSERT INTO `cd_config` VALUES ('1', 'title', '简单cms');
INSERT INTO `cd_config` VALUES ('2', 'description', '我是描述描述描述');
INSERT INTO `cd_config` VALUES ('3', 'keywords', '我是关键词关键词');
INSERT INTO `cd_config` VALUES ('4', 'logo', 'https://img.0736tw.com/template/pc/skin/image/logo2.png');
INSERT INTO `cd_config` VALUES ('5', 'copyright', '简单CMS');
INSERT INTO `cd_config` VALUES ('6', 'recordnum', '备案号');

-- ----------------------------
-- Table structure for cd_user
-- ----------------------------
DROP TABLE IF EXISTS `cd_user`;
CREATE TABLE `cd_user` (
  `uid` int(10) NOT NULL AUTO_INCREMENT COMMENT '用户uid',
  `name` varchar(50) NOT NULL DEFAULT '' COMMENT '用户名,用于登录',
  `password` varchar(32) NOT NULL DEFAULT '' COMMENT '密码',
  `pen_name` varchar(50) DEFAULT '佚名' COMMENT '笔名,用于显示作者',
  `is_del` tinyint(1) unsigned NOT NULL DEFAULT '0' COMMENT '是否删除,1是,0否',
  `is_hidden` tinyint(1) unsigned NOT NULL DEFAULT '0' COMMENT '是否隐藏,1是,0否',
  `salt` varchar(32) NOT NULL DEFAULT '' COMMENT '盐',
  PRIMARY KEY (`uid`),
  UNIQUE KEY `name` (`name`)
) ENGINE=InnoDB AUTO_INCREMENT=17 DEFAULT CHARSET=utf8mb4 COMMENT='用户表';

-- ----------------------------
-- Records of cd_user
-- ----------------------------
INSERT INTO `cd_user` VALUES ('1', 'aa', 'aa', '小白', '0', '1', '');
INSERT INTO `cd_user` VALUES ('2', 'eee', 'bbbbb', '小红', '1', '0', '');
INSERT INTO `cd_user` VALUES ('3', 'cdfae', 'cccc', '小黑', '1', '0', '');
INSERT INTO `cd_user` VALUES ('4', 'test1', '2172a2abe074bf647f77fb959b1611cf', '管理员小白', '0', '0', 'R8aCdsF7dgDbM05n87Hy2NamnWzAyLnd');
INSERT INTO `cd_user` VALUES ('5', '12312', 'f5f181a52e95e1c2bb06b1f1fa8f91fe', '123', '0', '0', 'pyglgZI5osBUYjoNHXrgp5kQqpRgieZr');
INSERT INTO `cd_user` VALUES ('6', '哈哈哈', '59f29db4b862fed045c828a281971faa', '呵呵呵', '0', '0', 'E1a6liSZhXl8HQFLBvEh1nmFQsYvs3AG');
INSERT INTO `cd_user` VALUES ('7', '123123a', '69a3fb859103b84b1c7b37a4bf2f73ff', '123123a', '0', '0', 'e0bNousBtWR0Jt6jwSAbNH0tBE35VYAl');
INSERT INTO `cd_user` VALUES ('8', 'xyz', '819d4b38278ebbf3e04372d9601fefbe', 'xyz', '1', '0', 'D0WcKpm4m3KT9iUfJJRXlvps9FHjMpry');
INSERT INTO `cd_user` VALUES ('11', '1233', 'bac4eaf63817a75bbd730167e1589fa2', '123', '1', '0', 'NNraKdsgSprgBjKyy1pDBF1FEYsmz6kX');
INSERT INTO `cd_user` VALUES ('12', 'xzv', 'b76aa05bab1658598a5c6e8f5e580371', '啊啊啊啊啊啊啊啊', '1', '0', 'PeUruOARK1PWPijclLyjlqn9VW9IZtgy');
INSERT INTO `cd_user` VALUES ('13', '12312a', 'f3d6fd8f2f5b8574ade90258b3bf32fb', '密码必须为6到12位字母数字组合，且不能出现空格', '1', '0', '5I7mDpkbulzLcDa2wL78neXb2VX3sdsd');
INSERT INTO `cd_user` VALUES ('14', 'asdaas', 'a4bf820bdc765f1227c21addb6b35d9e', 'asdasd', '1', '0', 'Vfwll8OuDAi3Ke1Wxk5nbengoKtiCqJy');
INSERT INTO `cd_user` VALUES ('15', 'asdasa', '659d8bea0edd8e8f0128ed8e236fd294', 'asdasd', '1', '0', 'vLsAzFBfWM6aqcEwzU3SQLXJDE3H7Hn0');
INSERT INTO `cd_user` VALUES ('16', 'test123', '1f4777a1006823683bc6fa33154a8224', 'test123123', '0', '0', 'naK9xfVVCOefNV4IWl1EG8dZJs5pZo1c');
